Codigo;EAN;Detalhe;Marca;Link consultado;Preço;Preço antigo;banco 1 nome;banco 1 parcelas;banco 1 preço;banco 2 nome;banco 2 parcelas;banco 2 preço;banco 3 nome;banco 3 parcelas;banco 3 preço
2;7792833805237;LATEX INTERIOR ALBALATEX  MATE BLANCO 1 LITROS;Alba;https://somosrex.com/latex-interior-albalatex-1-l-blanco-mate-alba.html;$8.935;$11.913;Santander;3 cuotas s/int (total c/reintegro incluido);$7.818;Provincia;6 cuotas s/int (total c/reintegro incluido);$8.935;Galicia;6 cuotas s/int (total c/reintegro incluido);$8.935
4;7792833805077;LATEX INTERIOR ALBALATEX MATE BLANCO 10 LITROS;Alba;https://somosrex.com/albalatex-pintura-latex-interior-mate-10-lt.html;$83.090;$110.786;Santander;3 cuotas s/int (total c/reintegro incluido);$72.703;Provincia;6 cuotas s/int (total c/reintegro incluido);$83.090;Galicia;6 cuotas s/int (total c/reintegro incluido);$83.090
5;7792833804995;LATEX INTERIOR ALBALATEX MATE BLANCO 20 LITROS;Alba;https://somosrex.com/latex-interior-albalatex-mate-blanco-20-lts-alba.html;$128.499;$183.571;Santander;3 cuotas s/int (total c/reintegro incluido);$112.437;Provincia;6 cuotas s/int (total c/reintegro incluido);$128.500;Galicia;6 cuotas s/int (total c/reintegro incluido);$128.500
9;7792833805312;ALBALATEX SATINADO DESIGN X20 LITROS;Alba;https://somosrex.com/latex-interior-albalatex-satinado-blanco-20-lts-alba.html;$223.090;$297.453;Santander;3 cuotas s/int (total c/reintegro incluido);$195.203;Provincia;6 cuotas s/int (total c/reintegro incluido);$223.090;Galicia;6 cuotas s/int (total c/reintegro incluido);$223.090
13;7792833805985;Latex Interior Albacryl Mate Blanco 4 Lts;Alba;https://somosrex.com/latex-interior-albacryl-4-lt.html;$20.881;$26.102;Santander;3 cuotas s/int (total c/reintegro incluido);$18.271;Provincia;6 cuotas s/int (total c/reintegro incluido);$20.881;Galicia;6 cuotas s/int (total c/reintegro incluido);$20.881
14;7792833805800;LATEX INTERIOR ALBACRYL MATE BLANCO 10 LITROS;Alba;https://somosrex.com/albacryl-pintura-latex-interior-blanco-mate-x-10-litros.html;$49.200;$65.600;Santander;3 cuotas s/int (total c/reintegro incluido);$43.050;Provincia;6 cuotas s/int (total c/reintegro incluido);$49.200;Galicia;6 cuotas s/int (total c/reintegro incluido);$49.200
15;7792833805725;LATEX INTERIOR ALBACRYL MATE BLANCO 20 LITROS;Alba;https://somosrex.com/latex-interior-albacryl-mate-blanco-20-lts-alba.html;$84.800;$130.461;Santander;3 cuotas s/int (total c/reintegro incluido);$74.200;Provincia;6 cuotas s/int (total c/reintegro incluido);$84.800;Galicia;6 cuotas s/int (total c/reintegro incluido);$84.800
57;7792833807057;LATEX INTERIIOR CIELO RASO ANTIHONGO 4 LITROS;Alba;https://somosrex.com/pintura-cielo-rasos-alba-4-lt-latex-interior.html;$22.900;$30.534;Santander;3 cuotas s/int (total c/reintegro incluido);$20.038;Provincia;6 cuotas s/int (total c/reintegro incluido);$22.900;Galicia;6 cuotas s/int (total c/reintegro incluido);$22.900
61;7792833808382;ENDUIDO INTERIOR PLASTICO ALBA 1 KG;Alba;https://somosrex.com/enduido-interior-plastico-1-litro-alba.html;$6.683;$8.354;Santander;3 cuotas s/int (total c/reintegro incluido);$5.848;Provincia;6 cuotas s/int (total c/reintegro incluido);$6.683;Galicia;6 cuotas s/int (total c/reintegro incluido);$6.683
70;7792833806715;BAÑOS Y COCINAS ANTIHONGO ALBA x1 LITROS;Alba;https://somosrex.com/latex-interior-antihongo-ba-os-y-cocinas-alba-1-lt.html;$13.505;$16.882;Santander;3 cuotas s/int (total c/reintegro incluido);$11.817;Provincia;6 cuotas s/int (total c/reintegro incluido);$13.505;Galicia;6 cuotas s/int (total c/reintegro incluido);$13.505
74;0;ROLLO DE CARTON CORRUGADO 90CMS x 25MTS;Polikraft;https://somosrex.com/carton-corrugado-reforzado-varios-usos-0-90-x-25m.html;$10.200;$12.750;Santander;3 cuotas s/int (total c/reintegro incluido);$8.925;Provincia;6 cuotas s/int (total c/reintegro incluido);$10.200;Galicia;6 cuotas s/int (total c/reintegro incluido);$10.200
75;7792833400227;ALBALUX DIAMANTE 3-1 BLANCO X1 LITROS;Alba;https://somosrex.com/esmalte-sintetico-albalux-diamante-palido.html;$17.816;;Santander;3 cuotas s/int (total c/reintegro incluido);$15.589;Provincia;6 cuotas s/int (total c/reintegro incluido);$17.816;Galicia;6 cuotas s/int (total c/reintegro incluido);$17.816
91;7796374088609;LATEX INTERIOR ALBACRYL MATE BLANCO 1 L LITROS;Alba;https://somosrex.com/latex-interior-albacryl-1-lt.html;$5.653;$7.066;Santander;3 cuotas s/int (total c/reintegro incluido);$4.946;Provincia;6 cuotas s/int (total c/reintegro incluido);$5.653;Galicia;6 cuotas s/int (total c/reintegro incluido);$5.653
231;7792833424575;CRISTALBA X4 LITROS;Alba;https://somosrex.com/barniz-sintetico-interior-brillante-cristalba-4-lts-alba.html;$31.280;$39.100;Santander;3 cuotas s/int (total c/reintegro incluido);$27.370;Provincia;6 cuotas s/int (total c/reintegro incluido);$31.280;Galicia;6 cuotas s/int (total c/reintegro incluido);$31.280
257;7792833415092;ESMALTE SINTETICO SATINOL BLANCO SATINADO 1 L LITROS;Alba;https://somosrex.com/esmalte-sintetico-satinado-blanco-satinol-1-l-alba.html;$14.399;$19.200;Santander;3 cuotas s/int (total c/reintegro incluido);$12.600;Provincia;6 cuotas s/int (total c/reintegro incluido);$14.400;Galicia;6 cuotas s/int (total c/reintegro incluido);$14.400
258;7792833414910;ESMALTE SINTETICO SATINOL BLANCO SATINADO 4 L LITROS;Alba;https://somosrex.com/esmalte-sintetico-satinado-blanco-satinol-4-lts-alba.html;$51.300;$68.400;Santander;3 cuotas s/int (total c/reintegro incluido);$44.887;Provincia;6 cuotas s/int (total c/reintegro incluido);$51.300;Galicia;6 cuotas s/int (total c/reintegro incluido);$51.300
323;7792833417232;ESMALTE ALTA TEMP. ALUMINIO ALBA 1/2 LITRO (1litro);Alba;https://somosrex.com/esmalte-alta-temperatura-aluminio-alba-1-l-250-c.html;$23.818;$29.773;Santander;3 cuotas s/int (total c/reintegro incluido);$20.841;Provincia;6 cuotas s/int (total c/reintegro incluido);$23.818;Galicia;6 cuotas s/int (total c/reintegro incluido);$23.818
352;7792261021063;SIMIL MADERA VENIER NOGAL 750 CC;Venier;https://somosrex.com/simil-madera-nogal-venier-0-75-lt.html;$36.558;$45.697;Santander;3 cuotas s/int (total c/reintegro incluido);$31.988;Provincia;6 cuotas s/int (total c/reintegro incluido);$36.558;Galicia;6 cuotas s/int (total c/reintegro incluido);$36.558
476;7794004001134;LIJA AL AGUA  AA 1200 1170703 E;Doble A;https://somosrex.com/lija-al-agua-nro-1200-aa.html;$1.463;$1.829;Santander;3 cuotas s/int (total c/reintegro incluido);$1.280;Provincia;6 cuotas s/int (total c/reintegro incluido);$1.463;Galicia;6 cuotas s/int (total c/reintegro incluido);$1.463
636;7798075650178;FRATACHO LIJADOR MEDIANO;Rucar;https://somosrex.com/fratacho-lijador-mediano-20-x-12-cm.html;$3.996;$4.995;Santander;3 cuotas s/int (total c/reintegro incluido);$3.496;Provincia;6 cuotas s/int (total c/reintegro incluido);$3.996;Galicia;6 cuotas s/int (total c/reintegro incluido);$3.996
869;7790817540365;CINTA RAPIFIX 540 USO GRAL 540  36mm 50mts;Rapifix;https://somosrex.com/cinta-automotor-blanca-rapifix-36mmx50mts.html;$5.402;$7.480;Santander;3 cuotas s/int (total c/reintegro incluido);$4.727;Provincia;6 cuotas s/int (total c/reintegro incluido);$5.402;Galicia;6 cuotas s/int (total c/reintegro incluido);$5.402
1193;7792833847077;ALBAFRENT EXTERIOR x20 LITROS;Alba;https://somosrex.com/albafrent-acrilico-pintura-latex-exterior-blanco-20lts.html;$117.000;$156.000;Santander;3 cuotas s/int (total c/reintegro incluido);$102.375;Provincia;6 cuotas s/int (total c/reintegro incluido);$117.000;Galicia;6 cuotas s/int (total c/reintegro incluido);$117.000
1340;7792261022718;PINTURA PILETA DE PLASTICO VENIER x  4 LITROS;Venier;https://somosrex.com/pintura-para-piletas-de-plastico-venier-x-4-litros.html;$51.399;$79.075;Santander;3 cuotas s/int (total c/reintegro incluido);$44.974;Provincia;6 cuotas s/int (total c/reintegro incluido);$51.399;Galicia;6 cuotas s/int (total c/reintegro incluido);$51.399
1714;7798005019204;RODILLO MAGIC CERO GOTA 23 Cms LESTERS;Lesters;https://somosrex.com/rodillo-antigota-ultra-rapido-23-cm-magic.html;$8.317;$10.396;Santander;3 cuotas s/int (total c/reintegro incluido);$7.277;Provincia;6 cuotas s/int (total c/reintegro incluido);$8.317;Galicia;6 cuotas s/int (total c/reintegro incluido);$8.317
1733;7797568000025;FIJADOR SELLADOR ANDINA x 4 LITROS;Andina;https://somosrex.com/sellador-fijador-al-agua-para-paredes-x-4-lts-andina.html;$11.119;$14.826;Santander;3 cuotas s/int (total c/reintegro incluido);$9.729;Provincia;6 cuotas s/int (total c/reintegro incluido);$11.119;Galicia;6 cuotas s/int (total c/reintegro incluido);$11.119
2112;7792833819432;PINTURA PILETAS AL AGUA CELESTE ALBA x10 LITROS;Alba;https://somosrex.com/pintura-piletas-base-acuosa-celeste-alba-10-lts.html;$107.300;$143.066;Santander;3 cuotas s/int (total c/reintegro incluido);$93.887;Provincia;6 cuotas s/int (total c/reintegro incluido);$107.300;Galicia;6 cuotas s/int (total c/reintegro incluido);$107.300
2170;7792833818930;DURALBA IMPERMEABLE FRENTES Y MUROS MATE BLANCO 20 LITROS;Alba;https://somosrex.com/latex-exterior-duralba-mate-blanco-20-lts-alba.html;$148.900;$198.533;Santander;3 cuotas s/int (total c/reintegro incluido);$130.287;Provincia;6 cuotas s/int (total c/reintegro incluido);$148.900;Galicia;6 cuotas s/int (total c/reintegro incluido);$148.900
2243;7790817570485;CINTA PAPEL ENMASCARAR 48mm x50M RAPIFIX;Rapifix;https://somosrex.com/cinta-rapifix-auto-570-48mm-x-50mts.html;$7.202;$9.972;Santander;3 cuotas s/int (total c/reintegro incluido);$6.302;Provincia;6 cuotas s/int (total c/reintegro incluido);$7.202;Galicia;6 cuotas s/int (total c/reintegro incluido);$7.202
2457;7794004001103;LIJA AL AGUA AA 60 1170700 E;Doble A;https://somosrex.com/lija-al-agua-nro-60-aa.html;$800;$1.450;Santander;3 cuotas s/int (total c/reintegro incluido);$700;Provincia;6 cuotas s/int (total c/reintegro incluido);$800;Galicia;6 cuotas s/int (total c/reintegro incluido);$800
2822;7792833424087;ALBATROS X4 LITROS;Alba;https://somosrex.com/barniz-sintetico-exterior-marino-brillante-albatros-4-lts-alba.html;$34.981;$43.727;Santander;3 cuotas s/int (total c/reintegro incluido);$30.609;Provincia;6 cuotas s/int (total c/reintegro incluido);$34.981;Galicia;6 cuotas s/int (total c/reintegro incluido);$34.981
2863;7798043624705;PINT.PARA PISOS ALTO TRANSITO SAT. ALLO BRIKOL 1L;Cetol;https://somosrex.com/pintura-para-pisos-alto-transito-verde-brikol-1-l.html;$15.222;$20.296;Santander;3 cuotas s/int (total c/reintegro incluido);$13.319;Provincia;6 cuotas s/int (total c/reintegro incluido);$15.222;Galicia;6 cuotas s/int (total c/reintegro incluido);$15.222
3136;7798075650130;BANDEJA PLANA RUCAR;Rucar;https://somosrex.com/bandeja-plana-grande.html;$4.721;$5.901;Santander;3 cuotas s/int (total c/reintegro incluido);$4.131;Provincia;6 cuotas s/int (total c/reintegro incluido);$4.721;Galicia;6 cuotas s/int (total c/reintegro incluido);$4.721
3246;7798043622893;CETOL CLASSIC IMPREGNANTE BRILLANTE CRISTAL 1 LITROS;Cetol;https://somosrex.com/impregnante-maderas-cetol-classic-brillante-cristal-1-l.html;$15.300;$20.400;Santander;3 cuotas s/int (total c/reintegro incluido);$13.387;Provincia;6 cuotas s/int (total c/reintegro incluido);$15.300;Galicia;6 cuotas s/int (total c/reintegro incluido);$15.300
3297;7796374851890;SATINOL BALANCE AL AGUA BLANCO x1 LITROS (0,5l);Alba;https://somosrex.com/esmalte-al-agua-satinado-blanco-satinol-0-5-lts-alba.html;$13.441;$16.802;Santander;3 cuotas s/int (total c/reintegro incluido);$11.761;Provincia;6 cuotas s/int (total c/reintegro incluido);$13.441;Galicia;6 cuotas s/int (total c/reintegro incluido);$13.441
3305;7796374851906;SATINOL BALANCE AL AGUA BLANCO x4 LITROS;Alba;https://somosrex.com/esmalte-al-agua-satinado-blanco-satinol-4-lts-alba.html;$66.818;$85.664;Santander;3 cuotas s/int (total c/reintegro incluido);$58.465;Provincia;6 cuotas s/int (total c/reintegro incluido);$66.818;Galicia;6 cuotas s/int (total c/reintegro incluido);$66.818
3535;7797568000032;FIJADOR SELLADOR  PARA INT/EXT AL AGUA 10 L LITROS;Andina;https://somosrex.com/sellador-fijador-al-agua-para-paredes-x-4-lts-andina.html;$11.119;$14.826;Santander;3 cuotas s/int (total c/reintegro incluido);$9.729;Provincia;6 cuotas s/int (total c/reintegro incluido);$11.119;Galicia;6 cuotas s/int (total c/reintegro incluido);$11.119
3636;7792952008670;RECUPLAST IMPERMEABLE FRENTES BLANCO SINTEPLAST 4L LITROS;Sinteplast;https://somosrex.com/recuplast-frentes-blanco-4lt-impermeabilizante.html;$42.207;$56.276;Santander;3 cuotas s/int (total c/reintegro incluido);$36.931;Provincia;6 cuotas s/int (total c/reintegro incluido);$42.207;Galicia;6 cuotas s/int (total c/reintegro incluido);$42.207
3637;7792952000278;RECUPLAST IMPERMEABLE FRENTES BLANCO SINTEPLAST 10L LITROS;Sinteplast;https://somosrex.com/recuplast-frentes-impermeabilizante-x-10-lts-sinteplast.html;$79.880;$106.506;Santander;3 cuotas s/int (total c/reintegro incluido);$69.895;Provincia;6 cuotas s/int (total c/reintegro incluido);$79.880;Galicia;6 cuotas s/int (total c/reintegro incluido);$79.880
3638;7792952000285;RECUPLAST FRENTES BLANCO x20 LITROS;Sinteplast;https://somosrex.com/recuplast-frentes-impermeabilizante-20l-sinteplast.html;$152.790;$203.720;Santander;3 cuotas s/int (total c/reintegro incluido);$133.691;Provincia;6 cuotas s/int (total c/reintegro incluido);$152.790;Galicia;6 cuotas s/int (total c/reintegro incluido);$152.790
3694;7798075650024;COBERTOR PLASTICO BLANCO RUCAR 3x3 (rex);Rucar;https://somosrex.com/cobertor-de-polipropileno-40-micrones-3-x-3-mt.html;$4.186;$5.796;Santander;3 cuotas s/int (total c/reintegro incluido);$3.663;Provincia;6 cuotas s/int (total c/reintegro incluido);$4.186;Galicia;6 cuotas s/int (total c/reintegro incluido);$4.186
4496;7798121121638;RODILLO SIMIL LANA 22cm BAMBIN;Bambin;https://somosrex.com/rodillo-lana-22cm-rodilan.html;$6.436;$8.045;Santander;3 cuotas s/int (total c/reintegro incluido);$5.631;Provincia;6 cuotas s/int (total c/reintegro incluido);$6.436;Galicia;6 cuotas s/int (total c/reintegro incluido);$6.436
5339;7798121122444;RODILLO LANA DORADO 22cm BAMBIN (lumar);Bambin;https://somosrex.com/rodillo-marron-22-cm-lumar.html;$18.484;$23.105;Santander;3 cuotas s/int (total c/reintegro incluido);$16.173;Provincia;6 cuotas s/int (total c/reintegro incluido);$18.484;Galicia;6 cuotas s/int (total c/reintegro incluido);$18.484
6022;7798034445272;PINCEL CELESTE V1 10;El Galgo;https://somosrex.com/pincel-chino-v1-n-10-el-galgo.html;$2.962;$3.702;Santander;3 cuotas s/int (total c/reintegro incluido);$2.591;Provincia;6 cuotas s/int (total c/reintegro incluido);$2.962;Galicia;6 cuotas s/int (total c/reintegro incluido);$2.962
6027;7798034445364;PINCEL VIROLA 1 CELESTE  Nº30 EL GALGO;El Galgo;https://somosrex.com/pincel-chino-v1-n-30-el-galgo.html;$7.918;$9.898;Santander;3 cuotas s/int (total c/reintegro incluido);$6.928;Provincia;6 cuotas s/int (total c/reintegro incluido);$7.918;Galicia;6 cuotas s/int (total c/reintegro incluido);$7.918
6193;7796374018712;ALBALATEX ULTRALAVABLE BLANCO x4 LITROS;Alba;https://somosrex.com/albalatex-ultralavable-interior-mate-blanco-04-lt.html;$48.588;$69.412;Santander;3 cuotas s/int (total c/reintegro incluido);$42.514;Provincia;6 cuotas s/int (total c/reintegro incluido);$48.588;Galicia;6 cuotas s/int (total c/reintegro incluido);$48.588
6195;7796374018736;LATEX INT. ALBALATEX ULTRAVABLE MATE BLANCO ALBA 20 LITROS;Alba;https://somosrex.com/latex-interior-albalatex-ultralavable-mate-blanco-20-lts-alba.html;$193.299;$276.142;Santander;3 cuotas s/int (total c/reintegro incluido);$169.137;Provincia;6 cuotas s/int (total c/reintegro incluido);$193.300;Galicia;6 cuotas s/int (total c/reintegro incluido);$193.300
6269;7791882001003;PASTILLAS MULTIACCION 200 NATACLOR x1KG  E;Nataclor E;https://somosrex.com/pastillas-cloro-multiaccion-200-gr-x-1-kg-nataclor.html;$15.162;$27.075;Santander;3 cuotas s/int (total c/reintegro incluido);$13.266;Provincia;6 cuotas s/int (total c/reintegro incluido);$15.162;Galicia;6 cuotas s/int (total c/reintegro incluido);$15.162
6270;7791882000372;KIT PILETA LONA PAS.250 + BOYA 50GRS  E;Nataclor E;https://somosrex.com/tratamiento-para-pileta-lona-sin-cloro-natabio-500-cc-nataclor.html;$6.811;$11.351;Santander;3 cuotas s/int (total c/reintegro incluido);$5.959;Provincia;6 cuotas s/int (total c/reintegro incluido);$6.811;Galicia;6 cuotas s/int (total c/reintegro incluido);$6.811
6568;7891019915460;REPARA PAREDES  ALABASTINE 330 gr;Alba;https://somosrex.com/alabastine-repara-paredes-330gr-alba.html;$4.327;$5.992;Santander;3 cuotas s/int (total c/reintegro incluido);$3.786;Provincia;6 cuotas s/int (total c/reintegro incluido);$4.327;Galicia;6 cuotas s/int (total c/reintegro incluido);$4.327
6571;7891019915491;REPARA PAREDES PRO ALABASTINE  600 cc;Alba;https://somosrex.com/alabastine-repara-paredes-pro-600-ml-alba.html;$8.701;$12.431;Santander;3 cuotas s/int (total c/reintegro incluido);$7.614;Provincia;6 cuotas s/int (total c/reintegro incluido);$8.701;Galicia;6 cuotas s/int (total c/reintegro incluido);$8.701
6572;7891019915675;REPARA PAREDES PRO ALABASTINE  2.5  LITROS;Alba;https://somosrex.com/alabastine-repara-paredes-pro-2-5-l-alba.html;$41.960;$55.131;Santander;3 cuotas s/int (total c/reintegro incluido);$36.715;Provincia;6 cuotas s/int (total c/reintegro incluido);$41.960;Galicia;6 cuotas s/int (total c/reintegro incluido);$41.960
6764;7798184155373;PINCEL OBRA V1 ECONOMICO AZUL 15;El Galgo;https://somosrex.com/pincel-chino-v1-n-15-el-galgo.html;$3.719;$4.649;Santander;3 cuotas s/int (total c/reintegro incluido);$3.254;Provincia;6 cuotas s/int (total c/reintegro incluido);$3.719;Galicia;6 cuotas s/int (total c/reintegro incluido);$3.719
6765;7798184155380;PINCEL VIROLA AZUL EL GALGO Nro 20;El Galgo;https://somosrex.com/pincel-chino-v1-n-20-el-galgo.html;$4.423;$5.529;Santander;3 cuotas s/int (total c/reintegro incluido);$3.870;Provincia;6 cuotas s/int (total c/reintegro incluido);$4.423;Galicia;6 cuotas s/int (total c/reintegro incluido);$4.423
7185;7792261023869;SUPERCAPA VENIER BLANCA X 20 LITROS;Venier;https://somosrex.com/membrana-poliuretanica-supercapa-blanco-dessutol-20-kg.html;$131.897;$180.680;Santander;3 cuotas s/int (total c/reintegro incluido);$115.409;Provincia;6 cuotas s/int (total c/reintegro incluido);$131.897;Galicia;6 cuotas s/int (total c/reintegro incluido);$131.897
7188;7792261023883;SUPERCAPA VENIER R.CERAMICO X 20 LITROS;Venier;https://somosrex.com/membrana-poliuretanica-supercapa-rojo-dessutol-20-kg.html;$131.897;$180.680;Santander;3 cuotas s/int (total c/reintegro incluido);$115.409;Provincia;6 cuotas s/int (total c/reintegro incluido);$131.897;Galicia;6 cuotas s/int (total c/reintegro incluido);$131.897
8417;7792951030047;HIDRO PERLADO BLANCO SINTEPLAST X1 LITROS;Sinteplast;https://somosrex.com/recuplast-hidroesmalte-epoxi-blanco-1-lts-sinteplast.html;$24.157;$33.449;Santander;3 cuotas s/int (total c/reintegro incluido);$21.137;Provincia;6 cuotas s/int (total c/reintegro incluido);$24.157;Galicia;6 cuotas s/int (total c/reintegro incluido);$24.157
8734;7798078723152;EQUIPO PARA PINTAR ADIABATIC EC 2000 C/TAZA ARRIBA;Adiabatic;https://somosrex.com/equipo-de-pintar-hvlp-adiabatic-ec2000-pistola-taza-gravedad.html;$377.122;$538.747;Santander;3 cuotas s/int (total c/reintegro incluido);$329.982;Provincia;6 cuotas s/int (total c/reintegro incluido);$377.122;Galicia;6 cuotas s/int (total c/reintegro incluido);$377.122
8736;754697509093;REVESTIMIENTO ROMANICA FINO ATENAS VADEX 25 K;Vadex;https://somosrex.com/revestimiento-texturado-vadex-romanica-fino-montevideo-25-kg-outlet.html;$57.857;$77.142;Santander;3 cuotas s/int (total c/reintegro incluido);$50.624;Provincia;6 cuotas s/int (total c/reintegro incluido);$57.856;Galicia;6 cuotas s/int (total c/reintegro incluido);$57.856
8739;754697503817;REVESTIM. ROMANICA MEDIO BLANCO VADEX 25 K;Vadex;https://somosrex.com/revestimiento-texturado-vadex-romanica-medio-blanco-pastel-25-kg.html;$63.742;$84.989;Santander;3 cuotas s/int (total c/reintegro incluido);$55.774;Provincia;6 cuotas s/int (total c/reintegro incluido);$63.742;Galicia;6 cuotas s/int (total c/reintegro incluido);$63.742
8743;754697503107;REVESTIM. ROMANICA MEDIO LONDRES VADEX 25 K;Vadex;https://somosrex.com/revestimiento-texturado-vadex-romanica-medio-londres-25k.html;$71.355;$95.141;Santander;3 cuotas s/int (total c/reintegro incluido);$62.436;Provincia;6 cuotas s/int (total c/reintegro incluido);$71.355;Galicia;6 cuotas s/int (total c/reintegro incluido);$71.355
8922;7797743991957;REVEAR REVOQUE PLAST. ILUSION ESMERALDA X25 S;Revear;https://somosrex.com/revestimiento-revoque-fino-flexible-blanco-revear-25-kg.html;$136.335;$181.780;Santander;3 cuotas s/int (total c/reintegro incluido);$119.293;Provincia;6 cuotas s/int (total c/reintegro incluido);$136.335;Galicia;6 cuotas s/int (total c/reintegro incluido);$136.335
8958;7797568000094;ENDUIDO INTERIOR ANDINA x 1 LITROS;Andina;https://somosrex.com/enduido-interior-andina-1-lt.html;$5.220;$6.960;Santander;3 cuotas s/int (total c/reintegro incluido);$4.567;Provincia;6 cuotas s/int (total c/reintegro incluido);$5.220;Galicia;6 cuotas s/int (total c/reintegro incluido);$5.220
8996;7797568000100;ENDUIDO INTERIOR ANDINA x 4 LITROS;Andina;https://somosrex.com/enduido-interior-andina-4-lt.html;$10.505;$14.006;Santander;3 cuotas s/int (total c/reintegro incluido);$9.192;Provincia;6 cuotas s/int (total c/reintegro incluido);$10.505;Galicia;6 cuotas s/int (total c/reintegro incluido);$10.505
9015;7797568000117;ENDUIDO INTERIOR ANDINA x10 LITROS;Andina;https://somosrex.com/enduido-interior-andina-10-lt.html;$24.623;$32.831;Santander;3 cuotas s/int (total c/reintegro incluido);$21.545;Provincia;6 cuotas s/int (total c/reintegro incluido);$24.623;Galicia;6 cuotas s/int (total c/reintegro incluido);$24.623
9016;7797568000124;ENDUIDO INTERIOR ANDINA x20 LITROS;Andina;https://somosrex.com/enduido-interior-andina-20-lt.html;$36.960;$49.280;Santander;3 cuotas s/int (total c/reintegro incluido);$32.340;Provincia;6 cuotas s/int (total c/reintegro incluido);$36.960;Galicia;6 cuotas s/int (total c/reintegro incluido);$36.960
9133;7796374865354;ALBALATEX DESIGN INTERIOR  MATE BLANCO ALBA 10 LITROS;Alba;https://somosrex.com/albalatex-pintura-latex-interior-mate-10-lt.html;$83.090;$110.786;Santander;3 cuotas s/int (total c/reintegro incluido);$72.703;Provincia;6 cuotas s/int (total c/reintegro incluido);$83.090;Galicia;6 cuotas s/int (total c/reintegro incluido);$83.090
9134;7796374865361;ALBALATEX DESIGN INTERIOR  MATE BLANCO ALBA 20 LITROS;Alba;https://somosrex.com/latex-interior-albalatex-mate-blanco-20-lts-alba.html;$128.499;$183.571;Santander;3 cuotas s/int (total c/reintegro incluido);$112.437;Provincia;6 cuotas s/int (total c/reintegro incluido);$128.500;Galicia;6 cuotas s/int (total c/reintegro incluido);$128.500
9185;7796466302125;REPOSERA SILLON BLANCA 5 POSICIONES 7/8 ALUM. ZACA;Tubogar;https://somosrex.com/silla-playa-plegable-reposera-botafogo-copacabana-azul-royal.html;$67.999;$113.333;Santander;3 cuotas s/int (total c/reintegro incluido);$59.500;Provincia;6 cuotas s/int (total c/reintegro incluido);$68.000;Galicia;6 cuotas s/int (total c/reintegro incluido);$68.000
9300;7798225220053;HIDROLAVADORA HL150 ELECTRICA LUSQTOFF;Lusqtoff;https://somosrex.com/hidrolavadora-alta-presion-135b-1500w-lhl150-lusqtoff.html;$190.808;$310.258;Santander;3 cuotas s/int (total c/reintegro incluido);$166.957;Provincia;6 cuotas s/int (total c/reintegro incluido);$190.808;Galicia;6 cuotas s/int (total c/reintegro incluido);$190.808
9421;7790715011134;LATEX INTERIOR ACRYLATEX MATE BLANCO COLORIN 20 LLITROS;Colorin;https://somosrex.com/latex-interior-acrylatex-20-lt.html;$69.276;$86.596;Santander;3 cuotas s/int (total c/reintegro incluido);$60.617;Provincia;6 cuotas s/int (total c/reintegro incluido);$69.276;Galicia;6 cuotas s/int (total c/reintegro incluido);$69.276
9515;7790715011837;ENDUIDO INTERIOR COMODIN 20 KG;Colorin;https://somosrex.com/enduido-plastico-para-interior-comodin-x-20-lts-colorin.html;$47.480;$63.306;Santander;3 cuotas s/int (total c/reintegro incluido);$41.545;Provincia;6 cuotas s/int (total c/reintegro incluido);$47.480;Galicia;6 cuotas s/int (total c/reintegro incluido);$47.480
9809;7790368293925;YOGURTERA CON 12 FRASCOS DE VIDRIO ULTRACOMB;First Rate Ultracomb;https://somosrex.com/yogurtera-electrica-ultracomb-yg2712-12-jarros-de-vidrio-de-210-ml.html;$71.015;$101.450;Santander;3 cuotas s/int (total c/reintegro incluido);$62.138;Provincia;6 cuotas s/int (total c/reintegro incluido);$71.015;Galicia;6 cuotas s/int (total c/reintegro incluido);$71.015
10292;7796374866726;LATEX P/PISOS ANTIDES. MATE GRIS GRAFITO ALBA 4 LITROS;Alba;https://somosrex.com/pintura-para-pisos-acrilico-ceniza-alba-4-lt.html;$46.558;$64.468;Santander;3 cuotas s/int (total c/reintegro incluido);$40.739;Provincia;6 cuotas s/int (total c/reintegro incluido);$46.558;Galicia;6 cuotas s/int (total c/reintegro incluido);$46.558
10344;723540507135;REVESTIM. ROMANICA FINO SYDNEY VADEX 25 K;Vadex;https://somosrex.com/revestimiento-texturado-vadex-romanica-fino-montevideo-25-kg-outlet.html;$57.857;$77.142;Santander;3 cuotas s/int (total c/reintegro incluido);$50.624;Provincia;6 cuotas s/int (total c/reintegro incluido);$57.856;Galicia;6 cuotas s/int (total c/reintegro incluido);$57.856
10357;7798225220473;COMPRESOR DE AIRE 2.5HP 50LTS MA LC-2550BK LUSQTOFF;Lusqtoff;https://somosrex.com/compresor-de-aire-50-lts-kit-5-piezas-lusqtoff-lc-2550bk.html;$214.469;$320.103;Santander;3 cuotas s/int (total c/reintegro incluido);$187.660;Provincia;6 cuotas s/int (total c/reintegro incluido);$214.469;Galicia;6 cuotas s/int (total c/reintegro incluido);$214.469
10370;7798225221524;"TALADRO DE BANCO - 13MM 1/2"" TB-13  LUSQTOFF";Lusqtoff;https://somosrex.com/taladro-banco-digital-13-mm-230w-lusqtoff-tbl710-9d.html;$266.961;$427.138;Santander;3 cuotas s/int (total c/reintegro incluido);$233.591;Provincia;6 cuotas s/int (total c/reintegro incluido);$266.961;Galicia;6 cuotas s/int (total c/reintegro incluido);$266.961
10403;7798225220152;DESMALEZADORA 52CC LD-52  LUSQTOFF;Lusqtoff;https://somosrex.com/desmalezadora-lusqtoff-ld52-7-aceite-lubricante-acl2t200-motor-2t-200cc.html;$132.937;$201.420;Santander;3 cuotas s/int (total c/reintegro incluido);$116.320;Provincia;6 cuotas s/int (total c/reintegro incluido);$132.937;Galicia;6 cuotas s/int (total c/reintegro incluido);$132.937
10464;76625288574;ESTUCCO VENECIANO ROSA VADEX X  5 KG;Vadex;https://somosrex.com/estuco-veneciano-5lt-fullcover.html;$130.811;$181.129;Santander;3 cuotas s/int (total c/reintegro incluido);$114.460;Provincia;6 cuotas s/int (total c/reintegro incluido);$130.811;Galicia;6 cuotas s/int (total c/reintegro incluido);$130.811
10493;20066448042;CHALKED BROCHEABLE AMARILLO AMANECER X0,887 E;Rust Oleum;https://somosrex.com/pintura-a-la-tiza-tizada-chalked-blanco-lino-rust-oleum-1-lt.html;$5.748;$8.212;Santander;3 cuotas s/int (total c/reintegro incluido);$5.030;Provincia;6 cuotas s/int (total c/reintegro incluido);$5.748;Galicia;6 cuotas s/int (total c/reintegro incluido);$5.748
10673;7799108040256;TALADRO A BATERIA CON PERCUTOR Y 2 BAT. ATL18-9B;Lusqtoff;https://somosrex.com/taladro-a-bateria-destornillador-percutor-18v-lusqtoff-2-baterias.html;$119.694;$157.492;Santander;3 cuotas s/int (total c/reintegro incluido);$104.732;Provincia;6 cuotas s/int (total c/reintegro incluido);$119.694;Galicia;6 cuotas s/int (total c/reintegro incluido);$119.694
10678;7798225227236;LIJADORA ROTO ORBITAL 300W LRL300-8;Lusqtoff;https://somosrex.com/lijadora-roto-orbital-lusqtoff-125mm-300w-lrl300-8.html;$68.748;$101.100;Santander;3 cuotas s/int (total c/reintegro incluido);$60.154;Provincia;6 cuotas s/int (total c/reintegro incluido);$68.748;Galicia;6 cuotas s/int (total c/reintegro incluido);$68.748
10682;7798225227557;MALETIN DE HERRAMIENTAS 245 PIEZAS LQCM245-9;Lusqtoff;https://somosrex.com/maletin-portatil-set-de-herramientas-245-piezas-lusqtoff.html;$242.049;$318.486;Santander;3 cuotas s/int (total c/reintegro incluido);$211.793;Provincia;6 cuotas s/int (total c/reintegro incluido);$242.049;Galicia;6 cuotas s/int (total c/reintegro incluido);$242.049
10703;7799108040003;TERMO VERDE 1LT LUSQTOFF;Lusqtoff;https://somosrex.com/termo-acero-inoxidable-1l-militar-lusqtoff.html;$51.239;$77.635;Santander;3 cuotas s/int (total c/reintegro incluido);$44.834;Provincia;6 cuotas s/int (total c/reintegro incluido);$51.239;Galicia;6 cuotas s/int (total c/reintegro incluido);$51.239
10875;7790715131542;AUTOPOLISH ABRILLANTADOR SILICON.GATILLO X450 E;Colorin auto;https://somosrex.com/silicona-a-gatillo-450-ml-autopolish.html;$16.015;$21.353;Santander;3 cuotas s/int (total c/reintegro incluido);$14.013;Provincia;6 cuotas s/int (total c/reintegro incluido);$16.015;Galicia;6 cuotas s/int (total c/reintegro incluido);$16.015
11048;7790715011165;TITANIO PRO LATEX EXTERIOR X 10 LTS;Colorin;https://somosrex.com/latex-interior-titanio-pro-mate-blanco-10-lts-colorin.html;$30.977;$44.253;Santander;3 cuotas s/int (total c/reintegro incluido);$27.105;Provincia;6 cuotas s/int (total c/reintegro incluido);$30.977;Galicia;6 cuotas s/int (total c/reintegro incluido);$30.977
11078;7793862008927;"PANEL DE VIDRIO PIE/PARED LILIANA ""HOT PANEL"" E";Liliana ( electro calefa ventilacion)D;https://somosrex.com/panel-calefactor-de-vidrio-liliana-ppv510-turboluxe.html;$179.185;$255.978;Santander;3 cuotas s/int (total c/reintegro incluido);$156.786;Provincia;6 cuotas s/int (total c/reintegro incluido);$179.185;Galicia;6 cuotas s/int (total c/reintegro incluido);$179.185
11081;7790715561189;LIVING LATEX INTERIOR BLANCO X 4 LTS R;Colorin;https://somosrex.com/latex-interior-jazmin-colorin-living-4-lt.html;$29.590;$40.973;Santander;3 cuotas s/int (total c/reintegro incluido);$25.891;Provincia;6 cuotas s/int (total c/reintegro incluido);$29.590;Galicia;6 cuotas s/int (total c/reintegro incluido);$29.590
11084;7790715001661;LIVING LATEX INTERIOR ARANDANO X 1 LTS;Colorin;https://somosrex.com/latex-interior-ceibo-colorin-living-1-lt.html;$12.342;$17.090;Santander;3 cuotas s/int (total c/reintegro incluido);$10.799;Provincia;6 cuotas s/int (total c/reintegro incluido);$12.342;Galicia;6 cuotas s/int (total c/reintegro incluido);$12.342
11120;7798225223610;LUSQTOFF BLACK IRON-300 SOLDADORA INVERTER S;Lusqtoff;https://somosrex.com/soldadora-inverter-iron-300-lusqtoff.html;$281.715;$489.939;Santander;3 cuotas s/int (total c/reintegro incluido);$246.500;Provincia;6 cuotas s/int (total c/reintegro incluido);$281.715;Galicia;6 cuotas s/int (total c/reintegro incluido);$281.715
11128;724751061737;REVESTIM. ROMANICA MEDIO PRAGA VADEX 25 K;Vadex;https://somosrex.com/revestimiento-texturado-vadex-romanica-medio-praga-25kg.html;$71.355;$95.141;Santander;3 cuotas s/int (total c/reintegro incluido);$62.436;Provincia;6 cuotas s/int (total c/reintegro incluido);$71.355;Galicia;6 cuotas s/int (total c/reintegro incluido);$71.355
11146;7799034006494;CALENTADOR DE PATIO TIPO HONGO DAZCGB-A DAEWOO;Daewo ( CALEF EXT);https://somosrex.com/hongo-calefactor-estufa-exterior-philco-gas-patio-heater-94pzgb2022ap.html;$227.997;$430.184;Santander;3 cuotas s/int (total c/reintegro incluido);$199.498;Provincia;6 cuotas s/int (total c/reintegro incluido);$227.997;Galicia;6 cuotas s/int (total c/reintegro incluido);$227.997
11173;7798184152754;RODILLO CUBREMAS DORADO 22 CM;El Galgo;https://somosrex.com/rodillo-lana-dorado-22cm-galgo.html;$16.359;$20.448;Santander;3 cuotas s/int (total c/reintegro incluido);$14.314;Provincia;6 cuotas s/int (total c/reintegro incluido);$16.359;Galicia;6 cuotas s/int (total c/reintegro incluido);$16.359
11225;7798370480999;COBERTOR PLASTICO COLORMET 3X3;COLORMET;https://somosrex.com/cobertor-de-polipropileno-40-micrones-3-x-3-mt.html;$4.186;$5.796;Santander;3 cuotas s/int (total c/reintegro incluido);$3.663;Provincia;6 cuotas s/int (total c/reintegro incluido);$4.186;Galicia;6 cuotas s/int (total c/reintegro incluido);$4.186
11229;7796374010457;ALBALUX BALANCE AL AGUA AZUL MARINO x1 LITROS;Alba;https://somosrex.com/esmalte-al-agua-brillante-azul-navy-albalux-1-l-alba.html;$11.934;$15.913;Santander;3 cuotas s/int (total c/reintegro incluido);$10.443;Provincia;6 cuotas s/int (total c/reintegro incluido);$11.934;Galicia;6 cuotas s/int (total c/reintegro incluido);$11.934
11237;7796374010525;ALBALUX BALANCE AL AGUA VERDE NOCHE x 4 LITROS;Alba;https://somosrex.com/esmalte-al-agua-brillante-azul-navy-albalux-4-lts-alba.html;$75.557;$94.447;Santander;3 cuotas s/int (total c/reintegro incluido);$66.112;Provincia;6 cuotas s/int (total c/reintegro incluido);$75.557;Galicia;6 cuotas s/int (total c/reintegro incluido);$75.557
11242;7796374010631;ALBALUX BALANCE AL AGUA GRIS HIELO x 1 LITROS;Alba;https://somosrex.com/esmalte-albalux-balance-brillante-gris-hielo-1-lt.html;$11.030;$13.787;Santander;3 cuotas s/int (total c/reintegro incluido);$9.651;Provincia;6 cuotas s/int (total c/reintegro incluido);$11.030;Galicia;6 cuotas s/int (total c/reintegro incluido);$11.030
11243;7796374010587;ALBALUX BALANCE AL AGUA MARRON x 4 LITROS;Alba;https://somosrex.com/esmalte-al-agua-brillante-marron-village-albalux-4-lts-alba.html;$37.810;$47.263;Santander;3 cuotas s/int (total c/reintegro incluido);$33.084;Provincia;6 cuotas s/int (total c/reintegro incluido);$37.810;Galicia;6 cuotas s/int (total c/reintegro incluido);$37.810
11249;0;PISTOLA DE GRAVEDAD C/TAZA PLASTICA  A2  S;Adiabatic;https://somosrex.com/equipo-de-pintar-hvlp-adiabatic-ec2000-pistola-taza-gravedad.html;$377.122;$538.747;Santander;3 cuotas s/int (total c/reintegro incluido);$329.982;Provincia;6 cuotas s/int (total c/reintegro incluido);$377.122;Galicia;6 cuotas s/int (total c/reintegro incluido);$377.122
11296;7792955011813;PASTILLAS MULTIFUNCION 200 X 1 KG CLOROTEC;clorotec;https://somosrex.com/clorotec-pastillas-triple-accion-x-1-kg.html;$16.436;$26.299;Santander;3 cuotas s/int (total c/reintegro incluido);$14.382;Provincia;6 cuotas s/int (total c/reintegro incluido);$16.436;Galicia;6 cuotas s/int (total c/reintegro incluido);$16.436
11299;7792955011998;CLARIFICADOR PLUS X 1 CLOROTEC;clorotec;https://somosrex.com/clorotec-clarificador-plus.html;$6.017;$8.357;Santander;3 cuotas s/int (total c/reintegro incluido);$5.265;Provincia;6 cuotas s/int (total c/reintegro incluido);$6.017;Galicia;6 cuotas s/int (total c/reintegro incluido);$6.017
11300;7792955050522;BOYA DOSIFICADORA CLOROTEC;clorotec;https://somosrex.com/clorotec-boya-chica.html;$2.959;$5.860;Santander;3 cuotas s/int (total c/reintegro incluido);$2.589;Provincia;6 cuotas s/int (total c/reintegro incluido);$2.959;Galicia;6 cuotas s/int (total c/reintegro incluido);$2.959
11311;7794876003212;SELLAGRES AL AGUA X4 LITROS;Penta/Petrilac;https://somosrex.com/impermeabilizante-para-ladrillo-y-tejas-sellagres-polilak-4-lts-siliconado.html;$16.546;$21.740;Santander;3 cuotas s/int (total c/reintegro incluido);$14.478;Provincia;6 cuotas s/int (total c/reintegro incluido);$16.546;Galicia;6 cuotas s/int (total c/reintegro incluido);$16.546
11351;7798225227557;LUSQTOFF LQCM245-8 MALETIN COMP.HERRAMIENTA P;Lusqtoff;https://somosrex.com/maletin-portatil-set-de-herramientas-245-piezas-lusqtoff.html;$242.049;$318.486;Santander;3 cuotas s/int (total c/reintegro incluido);$211.793;Provincia;6 cuotas s/int (total c/reintegro incluido);$242.049;Galicia;6 cuotas s/int (total c/reintegro incluido);$242.049
11497;7792261024835;ESMALTE ANTIOXIDO COLORMELL GRIS X 1 LITROS;Venier;https://somosrex.com/esmalte-sintetico-brillante-blanco-colormell-1-l.html;$8.648;$17.296;Santander;3 cuotas s/int (total c/reintegro incluido);$7.567;Provincia;6 cuotas s/int (total c/reintegro incluido);$8.648;Galicia;6 cuotas s/int (total c/reintegro incluido);$8.648
11510;7790715003658;LIVING MUROS Y FRENTES IMPERMEABLE UVA X 4 LITROS;Colorin;https://somosrex.com/latex-interior-guinda-colorin-living-1-lt.html;$12.342;$17.090;Santander;3 cuotas s/int (total c/reintegro incluido);$10.799;Provincia;6 cuotas s/int (total c/reintegro incluido);$12.342;Galicia;6 cuotas s/int (total c/reintegro incluido);$12.342
11635;763571732878;LLANA INOXIDABLE CHICA ARTECRET;Artecret;https://somosrex.com/llana-metalica-lisa-120-x-180-mm-kendo.html;$7.102;$8.990;Santander;3 cuotas s/int (total c/reintegro incluido);$6.214;Provincia;6 cuotas s/int (total c/reintegro incluido);$7.102;Galicia;6 cuotas s/int (total c/reintegro incluido);$7.102
11700;7799110000000;LUSQTOFF TBL16-7 TALADRO DE BANCO 16 MM   S;Lusqtoff;https://somosrex.com/taladro-de-banco-16-mm-450-w-c-morza-lusqtoff.html;$158.148;$210.865;Santander;3 cuotas s/int (total c/reintegro incluido);$138.380;Provincia;6 cuotas s/int (total c/reintegro incluido);$158.148;Galicia;6 cuotas s/int (total c/reintegro incluido);$158.148
11732;763571872765;VADEXFLOOR MICROPISOS GRIS PLATA X20 LITROS;Vadex;https://somosrex.com/micro-piso-gris-plata-vadexfloor-20-kg.html;$85.565;$171.131;Santander;3 cuotas s/int (total c/reintegro incluido);$74.869;Provincia;6 cuotas s/int (total c/reintegro incluido);$85.565;Galicia;6 cuotas s/int (total c/reintegro incluido);$85.565
11797;0;TERMO ACERO INOXIDABLE 750 CC VERDE TL750-9;Lusqtoff;https://somosrex.com/termo-acero-inoxidable-750-ml-lusqtoff-tl750-9.html;$39.098;$63.062;Santander;3 cuotas s/int (total c/reintegro incluido);$34.211;Provincia;6 cuotas s/int (total c/reintegro incluido);$39.098;Galicia;6 cuotas s/int (total c/reintegro incluido);$39.098
11825;7796374865903;ALBA CONSTRUCTOR EXTERIOR - INTERIOR X   4 LTS ;Alba;https://somosrex.com/latex-interior-constructor-alba-4-lt.html;$19.020;$23.776;Santander;3 cuotas s/int (total c/reintegro incluido);$16.643;Provincia;6 cuotas s/int (total c/reintegro incluido);$19.020;Galicia;6 cuotas s/int (total c/reintegro incluido);$19.020
11889;7790817553488;CINTA PAPEL ENMASCARAR AZUL OBRA 48mm x50M RAPIFIX;Rapifix;https://somosrex.com/cinta-azul-obra-enmascarar-rapifix-550-48mm-x-40-mts.html;$8.638;$10.798;Santander;3 cuotas s/int (total c/reintegro incluido);$7.558;Provincia;6 cuotas s/int (total c/reintegro incluido);$8.638;Galicia;6 cuotas s/int (total c/reintegro incluido);$8.638
11905;6942138939064;INFLABLE SALVAVIDAS DONAS SURTIDAS 107 CM;Bestway (pileta);https://somosrex.com/dona-donut-inflable-rosa-107-cm-bestway.html;$9.634;$15.924;Santander;3 cuotas s/int (total c/reintegro incluido);$8.429;Provincia;6 cuotas s/int (total c/reintegro incluido);$9.634;Galicia;6 cuotas s/int (total c/reintegro incluido);$9.634
11926;0;VITROSPRAY ESMALTE  ALTA TEMPERATURA NEGRO X  1LTS;Colorin;https://somosrex.com/esmalte-sintetico-vitrospray-secado-ultrarrapido-1-l-negro-colorin.html;$22.291;$30.866;Santander;3 cuotas s/int (total c/reintegro incluido);$19.505;Provincia;6 cuotas s/int (total c/reintegro incluido);$22.291;Galicia;6 cuotas s/int (total c/reintegro incluido);$22.291
12004;7790715010137;COLORIN ENTONADOR UNIVERSAL MARRON X  0.120L P;Colorin;https://somosrex.com/entonador-universal-marron-tersuave-120-cm3.html;$3.314;$4.142;Santander;3 cuotas s/int (total c/reintegro incluido);$2.900;Provincia;6 cuotas s/int (total c/reintegro incluido);$3.314;Galicia;6 cuotas s/int (total c/reintegro incluido);$3.314
12005;7790715010151;COLORIN ENTONADOR UNIVERSAL AMARILLO X  0.120L P;Colorin;https://somosrex.com/entonador-universal-amarillo-tersuave-120-cm3.html;$1.817;$3.634;Santander;3 cuotas s/int (total c/reintegro incluido);$1.590;Provincia;6 cuotas s/int (total c/reintegro incluido);$1.817;Galicia;6 cuotas s/int (total c/reintegro incluido);$1.817
